Blouse,Slacks
Blouse,Slacks
Blouse,Slacks
Blouse,Slacks
Blouse,Slacks
Blouse,Slacks
Blouse,Slacks
Blouse,Slacks
Blouse,Jeans
Blouse,Jeans
Blouse,Jeans
Blouse,Jeans
Blouse,Jeans
Blouse,Jeans
Blouse,Jeans
Blouse,Cotton_Pants
Blouse,Cotton_Pants
Blouse,Cotton_Pants
Blouse,Cotton_Pants
Blouse,Cotton_Pants
Blouse,Short_Skirts
Blouse,Short_Skirts
Blouse,Short_Skirts
Blouse,Short_Skirts
Blouse,Short_Skirts
Blouse,Long_Skirts
Blouse,Long_Skirts
Blouse,Long_Skirts
Blouse,Long_Skirts
Blouse,Short_Pants
Blouse,Short_Pants
Blouse,Short_Jeans
Blouse,Short_Jeans
Long_Shirt,Slacks
Long_Shirt,Slacks
Long_Shirt,Slacks
Long_Shirt,Slacks
Long_Shirt,Slacks
Long_Shirt,Slacks
Long_Shirt,Jeans
Long_Shirt,Jeans
Long_Shirt,Jeans
Long_Shirt,Jeans
Long_Shirt,Jeans
Long_Shirt,Jeans
Long_Shirt,Jeans
Long_Shirt,Jeans
Long_Shirt,Jeans
Long_Shirt,Short_Skirts
Long_Shirt,Short_Skirts
Long_Shirt,Short_Skirts
Long_Shirt,Short_Skirts
Long_Shirt,Short_Skirts
Long_Shirt,Cotton_Pants
Long_Shirt,Cotton_Pants
Long_Shirt,Cotton_Pants
Long_Shirt,Cotton_Pants
Long_Shirt,Cotton_Pants
Long_Shirt,Cotton_Pants
Long_Shirt,Cotton_Pants
Long_Shirt,Short_Pants
Long_Shirt,Short_Pants
Long_Shirt,Short_Pants
Long_Shirt,Short_Pants
Long_Shirt,Short_Jeans
Long_Shirt,Short_Jeans
Long_Shirt,Short_Jeans
Long_Shirt,Long_Skirts
Long_Shirt,Long_Skirts
Long_Shirt,Long_Skirts
Long_Sleeve,Jeans
Long_Sleeve,Jeans
Long_Sleeve,Jeans
Long_Sleeve,Jeans
Long_Sleeve,Jeans
Long_Sleeve,Jeans
Long_Sleeve,Jeans
Long_Sleeve,Jeans
Long_Sleeve,Jeans
Long_Sleeve,Cotton_Pants
Long_Sleeve,Cotton_Pants
Long_Sleeve,Cotton_Pants
Long_Sleeve,Cotton_Pants
Long_Sleeve,Cotton_Pants
Long_Sleeve,Cotton_Pants
Long_Sleeve,Short_Pants
Long_Sleeve,Short_Pants
Long_Sleeve,Short_Pants
Long_Sleeve,Short_Pants
Long_Sleeve,Short_Pants
Long_Sleeve,Short_Pants
Long_Sleeve,Short_Jeans
Long_Sleeve,Short_Jeans
Long_Sleeve,Short_Jeans
Long_Sleeve,Short_Jeans
Long_Sleeve,Short_Jeans
Long_Sleeve,Short_Jeans
Long_Sleeve,Short_Skirts
Long_Sleeve,Short_Skirts
Long_Sleeve,Short_Skirts
Long_Sleeve,Short_Skirts
Long_Sleeve,Short_Skirts
Long_Sleeve,Long_Skirts
Long_Sleeve,Long_Skirts
Long_Sleeve,Long_Skirts
Long_Sleeve,Slacks
Long_Sleeve,Slacks
Long_Sleeve,Slacks
Long_Sleeve,Slacks
Sleeveless,Short_Pants
Sleeveless,Short_Pants
Sleeveless,Short_Pants
Sleeveless,Short_Pants
Sleeveless,Short_Pants
Sleeveless,Short_Pants
Sleeveless,Short_Pants
Sleeveless,Short_Jeans
Sleeveless,Short_Jeans
Sleeveless,Short_Jeans
Sleeveless,Short_Jeans
Sleeveless,Short_Jeans
Sleeveless,Short_Jeans
Sleeveless,Short_Jeans
Sleeveless,Jeans
Sleeveless,Jeans
Sleeveless,Jeans
Sleeveless,Jeans
Sleeveless,Jeans
Sleeveless,Cotton_Pants
Sleeveless,Cotton_Pants
Sleeveless,Cotton_Pants
Sleeveless,Short_Skirts
Sleeveless,Short_Skirts
Sleeveless,Short_Skirts
Sleeveless,Short_Skirts
Sleeveless,Long_Skirts
Sleeveless,Slacks
Short_Shirt,Short_Pants
Short_Shirt,Short_Pants
Short_Shirt,Short_Pants
Short_Shirt,Short_Pants
Short_Shirt,Short_Pants
Short_Shirt,Short_Pants
Short_Shirt,Short_Pants
Short_Shirt,Jeans
Short_Shirt,Jeans
Short_Shirt,Jeans
Short_Shirt,Jeans
Short_Shirt,Jeans
Short_Shirt,Jeans
Short_Shirt,Cotton_Pants
Short_Shirt,Cotton_Pants
Short_Shirt,Cotton_Pants
Short_Shirt,Cotton_Pants
Short_Shirt,Cotton_Pants
Short_Shirt,Cotton_Pants
Short_Shirt,Short_Jeans
Short_Shirt,Short_Jeans
Short_Shirt,Short_Jeans
Short_Shirt,Short_Jeans
Short_Shirt,Short_Jeans
Short_Shirt,Short_Jeans
Short_Shirt,Short_Skirts
Short_Shirt,Short_Skirts
Short_Shirt,Short_Skirts
Short_Shirt,Short_Skirts
Short_Shirt,Short_Skirts
Short_Shirt,Short_Skirts
Short_Shirt,Slacks
Short_Shirt,Slacks
Short_Shirt,Slacks
Short_Shirt,Slacks
Short_Shirt,Slacks
Short_Shirt,Slacks
Short_Shirt,Long_Skirts
Short_Shirt,Long_Skirts
Short_Shirt,Long_Skirts
Short_Sleeve,Jeans
Short_Sleeve,Jeans
Short_Sleeve,Jeans
Short_Sleeve,Jeans
Short_Sleeve,Jeans
Short_Sleeve,Jeans
Short_Sleeve,Jeans
Short_Sleeve,Jeans
Short_Sleeve,Short_Pants
Short_Sleeve,Short_Pants
Short_Sleeve,Short_Pants
Short_Sleeve,Short_Pants
Short_Sleeve,Short_Pants
Short_Sleeve,Short_Pants
Short_Sleeve,Short_Pants
Short_Sleeve,Short_Pants
Short_Sleeve,Short_Jeans
Short_Sleeve,Short_Jeans
Short_Sleeve,Short_Jeans
Short_Sleeve,Short_Jeans
Short_Sleeve,Short_Jeans
Short_Sleeve,Short_Jeans
Short_Sleeve,Short_Jeans
Short_Sleeve,Short_Jeans
Short_Sleeve,Cotton_Pants
Short_Sleeve,Cotton_Pants
Short_Sleeve,Cotton_Pants
Short_Sleeve,Cotton_Pants
Short_Sleeve,Cotton_Pants
Short_Sleeve,Cotton_Pants
Short_Sleeve,Cotton_Pants
Short_Sleeve,Short_Skirts
Short_Sleeve,Short_Skirts
Short_Sleeve,Short_Skirts
Short_Sleeve,Short_Skirts
Short_Sleeve,Short_Skirts
Short_Sleeve,Short_Skirts
Short_Sleeve,Short_Skirts
Short_Sleeve,Long_Skirts
Short_Sleeve,Long_Skirts
Short_Sleeve,Long_Skirts
Short_Sleeve,Long_Skirts
Short_Sleeve,Slacks
Short_Sleeve,Slacks
Short_Sleeve,Slacks
Short_Sleeve,Slacks
Short_Sleeve,Slacks
Sweater,Cotton_Pants
Sweater,Cotton_Pants
Sweater,Cotton_Pants
Sweater,Cotton_Pants
Sweater,Cotton_Pants
Sweater,Cotton_Pants
Sweater,Cotton_Pants
Sweater,Cotton_Pants
Sweater,Jeans
Sweater,Jeans
Sweater,Jeans
Sweater,Jeans
Sweater,Jeans
Sweater,Jeans
Sweater,Jeans
Sweater,Short_Pants
Sweater,Short_Pants
Sweater,Short_Jeans
Sweater,Short_Jeans
Sweater,Short_Skirts
Sweater,Short_Skirts
Sweater,Short_Skirts
Sweater,Short_Skirts
Sweater,Short_Skirts
Sweater,Short_Skirts
Sweater,Long_Skirts
Sweater,Long_Skirts
Sweater,Long_Skirts
Sweater,Long_Skirts
Sweater,Long_Skirts
Sweater,Long_Skirts
Sweater,Long_Skirts
Sweater,Slacks
Sweater,Slacks
Sweater,Slacks
Sweater,Slacks
Sweater,Slacks
Sweater,Slacks
Blouse,Slacks
Blouse,Slacks
Blouse,Slacks
Blouse,Slacks
Blouse,Slacks
Blouse,Slacks
Blouse,Slacks
Blouse,Slacks
Blouse,Jeans
Blouse,Jeans
Blouse,Jeans
Blouse,Jeans
Blouse,Jeans
Blouse,Jeans
Blouse,Jeans
Blouse,Cotton_Pants
Blouse,Cotton_Pants
Blouse,Cotton_Pants
Blouse,Cotton_Pants
Blouse,Cotton_Pants
Blouse,Short_Skirts
Blouse,Short_Skirts
Blouse,Short_Skirts
Blouse,Short_Skirts
Blouse,Short_Skirts
Blouse,Short_Skirts
Blouse,Long_Skirts
Blouse,Long_Skirts
Blouse,Long_Skirts
Blouse,Long_Skirts
Blouse,Short_Pants
Blouse,Short_Pants
Blouse,Short_Jeans
Blouse,Short_Jeans
Long_Shirt,Slacks
Long_Shirt,Slacks
Long_Shirt,Slacks
Long_Shirt,Slacks
Long_Shirt,Slacks
Long_Shirt,Slacks
Long_Shirt,Slacks
Long_Shirt,Jeans
Long_Shirt,Jeans
Long_Shirt,Jeans
Long_Shirt,Jeans
Long_Shirt,Jeans
Long_Shirt,Jeans
Long_Shirt,Jeans
Long_Shirt,Jeans
Long_Shirt,Short_Skirts
Long_Shirt,Short_Skirts
Long_Shirt,Short_Skirts
Long_Shirt,Short_Skirts
Long_Shirt,Short_Skirts
Long_Shirt,Cotton_Pants
Long_Shirt,Cotton_Pants
Long_Shirt,Cotton_Pants
Long_Shirt,Cotton_Pants
Long_Shirt,Cotton_Pants
Long_Shirt,Cotton_Pants
Long_Shirt,Cotton_Pants
Long_Shirt,Short_Pants
Long_Shirt,Short_Pants
Long_Shirt,Short_Pants
Long_Shirt,Short_Pants
Long_Shirt,Short_Pants
Long_Shirt,Short_Jeans
Long_Shirt,Short_Jeans
Long_Shirt,Short_Jeans
Long_Shirt,Long_Skirts
Long_Shirt,Long_Skirts
Long_Shirt,Long_Skirts
Long_Sleeve,Jeans
Long_Sleeve,Jeans
Long_Sleeve,Jeans
Long_Sleeve,Jeans
Long_Sleeve,Jeans
Long_Sleeve,Jeans
Long_Sleeve,Jeans
Long_Sleeve,Jeans
Long_Sleeve,Jeans
Long_Sleeve,Cotton_Pants
Long_Sleeve,Cotton_Pants
Long_Sleeve,Cotton_Pants
Long_Sleeve,Cotton_Pants
Long_Sleeve,Cotton_Pants
Long_Sleeve,Cotton_Pants
Long_Sleeve,Short_Pants
Long_Sleeve,Short_Pants
Long_Sleeve,Short_Pants
Long_Sleeve,Short_Pants
Long_Sleeve,Short_Pants
Long_Sleeve,Short_Pants
Long_Sleeve,Short_Jeans
Long_Sleeve,Short_Jeans
Long_Sleeve,Short_Jeans
Long_Sleeve,Short_Jeans
Long_Sleeve,Short_Jeans
Long_Sleeve,Short_Jeans
Long_Sleeve,Short_Skirts
Long_Sleeve,Short_Skirts
Long_Sleeve,Short_Skirts
Long_Sleeve,Short_Skirts
Long_Sleeve,Short_Skirts
Long_Sleeve,Long_Skirts
Long_Sleeve,Long_Skirts
Long_Sleeve,Long_Skirts
Long_Sleeve,Slacks
Long_Sleeve,Slacks
Long_Sleeve,Slacks
Long_Sleeve,Slacks
Sleeveless,Short_Pants
Sleeveless,Short_Pants
Sleeveless,Short_Pants
Sleeveless,Short_Pants
Sleeveless,Short_Pants
Sleeveless,Short_Pants
Sleeveless,Short_Pants
Sleeveless,Short_Jeans
Sleeveless,Short_Jeans
Sleeveless,Short_Jeans
Sleeveless,Short_Jeans
Sleeveless,Short_Jeans
Sleeveless,Short_Jeans
Sleeveless,Short_Jeans
Sleeveless,Jeans
Sleeveless,Jeans
Sleeveless,Jeans
Sleeveless,Jeans
Sleeveless,Jeans
Sleeveless,Jeans
Sleeveless,Cotton_Pants
Sleeveless,Cotton_Pants
Sleeveless,Cotton_Pants
Sleeveless,Short_Skirts
Sleeveless,Short_Skirts
Sleeveless,Short_Skirts
Sleeveless,Short_Skirts
Sleeveless,Long_Skirts
Sleeveless,Slacks
Short_Shirt,Short_Pants
Short_Shirt,Short_Pants
Short_Shirt,Short_Pants
Short_Shirt,Short_Pants
Short_Shirt,Short_Pants
Short_Shirt,Short_Pants
Short_Shirt,Short_Pants
Short_Shirt,Jeans
Short_Shirt,Jeans
Short_Shirt,Jeans
Short_Shirt,Jeans
Short_Shirt,Jeans
Short_Shirt,Jeans
Short_Shirt,Jeans
Short_Shirt,Cotton_Pants
Short_Shirt,Cotton_Pants
Short_Shirt,Cotton_Pants
Short_Shirt,Cotton_Pants
Short_Shirt,Cotton_Pants
Short_Shirt,Cotton_Pants
Short_Shirt,Cotton_Pants
Short_Shirt,Short_Jeans
Short_Shirt,Short_Jeans
Short_Shirt,Short_Jeans
Short_Shirt,Short_Jeans
Short_Shirt,Short_Jeans
Short_Shirt,Short_Skirts
Short_Shirt,Short_Skirts
Short_Shirt,Short_Skirts
Short_Shirt,Short_Skirts
Short_Shirt,Short_Skirts
Short_Shirt,Slacks
Short_Shirt,Slacks
Short_Shirt,Slacks
Short_Shirt,Slacks
Short_Shirt,Slacks
Short_Shirt,Slacks
Short_Shirt,Long_Skirts
Short_Shirt,Long_Skirts
Short_Shirt,Long_Skirts
Short_Sleeve,Jeans
Short_Sleeve,Jeans
Short_Sleeve,Jeans
Short_Sleeve,Jeans
Short_Sleeve,Jeans
Short_Sleeve,Jeans
Short_Sleeve,Jeans
Short_Sleeve,Jeans
Short_Sleeve,Short_Pants
Short_Sleeve,Short_Pants
Short_Sleeve,Short_Pants
Short_Sleeve,Short_Pants
Short_Sleeve,Short_Pants
Short_Sleeve,Short_Pants
Short_Sleeve,Short_Pants
Short_Sleeve,Short_Pants
Short_Sleeve,Short_Pants
Short_Sleeve,Short_Jeans
Short_Sleeve,Short_Jeans
Short_Sleeve,Short_Jeans
Short_Sleeve,Short_Jeans
Short_Sleeve,Short_Jeans
Short_Sleeve,Short_Jeans
Short_Sleeve,Short_Jeans
Short_Sleeve,Short_Jeans
Short_Sleeve,Cotton_Pants
Short_Sleeve,Cotton_Pants
Short_Sleeve,Cotton_Pants
Short_Sleeve,Cotton_Pants
Short_Sleeve,Cotton_Pants
Short_Sleeve,Cotton_Pants
Short_Sleeve,Cotton_Pants
Short_Sleeve,Short_Skirts
Short_Sleeve,Short_Skirts
Short_Sleeve,Short_Skirts
Short_Sleeve,Short_Skirts
Short_Sleeve,Short_Skirts
Short_Sleeve,Short_Skirts
Short_Sleeve,Long_Skirts
Short_Sleeve,Long_Skirts
Short_Sleeve,Long_Skirts
Short_Sleeve,Long_Skirts
Short_Sleeve,Slacks
Short_Sleeve,Slacks
Short_Sleeve,Slacks
Short_Sleeve,Slacks
Short_Sleeve,Slacks
Sweater,Cotton_Pants
Sweater,Cotton_Pants
Sweater,Cotton_Pants
Sweater,Cotton_Pants
Sweater,Cotton_Pants
Sweater,Cotton_Pants
Sweater,Cotton_Pants
Sweater,Cotton_Pants
Sweater,Jeans
Sweater,Jeans
Sweater,Jeans
Sweater,Jeans
Sweater,Jeans
Sweater,Jeans
Sweater,Jeans
Sweater,Short_Pants
Sweater,Short_Jeans
Sweater,Short_Skirts
Sweater,Short_Skirts
Sweater,Short_Skirts
Sweater,Short_Skirts
Sweater,Short_Skirts
Sweater,Short_Skirts
Sweater,Long_Skirts
Sweater,Long_Skirts
Sweater,Long_Skirts
Sweater,Long_Skirts
Sweater,Long_Skirts
Sweater,Long_Skirts
Sweater,Long_Skirts
Sweater,Slacks
Sweater,Slacks
Sweater,Slacks
Sweater,Slacks
Sweater,Slacks
Sweater,Slacks
Sweater,Slacks
