Blouse,Blazer
Blouse,Blazer
Blouse,Blazer
Blouse,Blazer
Blouse,Blazer
Blouse,Blazer
Blouse,Blazer
Blouse,Blazer
Blouse,Blazer
Blouse,Blouson
Blouse,Blazer
Blouse,Blazer
Blouse,Blazer
Blouse,Blazer
Blouse,Blazer
Blouse,Blazer
Blouse,Blazer
Blouse,Blouson
Blouse,Coat
Blouse,Coat
Blouse,Coat
Blouse,Coat
Blouse,Coat
Blouse,Coat
Blouse,Coat
Blouse,Coat
Blouse,Coat
Blouse,Coat
Blouse,Coat
Blouse,Coat
Blouse,Coat
Blouse,Coat
Blouse,Hoodie
Blouse,Padding
Blouse,Cardigan
Blouse,Cardigan
Blouse,Cardigan
Blouse,Cardigan
Blouse,Cardigan
Blouse,Cardigan
Blouse,Cardigan
Blouse,Cardigan
Blouse,Cardigan
Blouse,Cardigan
Blouse,Cardigan
Blouse,Cardigan
Long_Shirt,Blazer
Long_Shirt,Blazer
Long_Shirt,Blazer
Long_Shirt,Blazer
Long_Shirt,Blazer
Long_Shirt,Blazer
Long_Shirt,Blazer
Long_Shirt,Blazer
Long_Shirt,Blazer
Long_Shirt,Blazer
Long_Shirt,Blazer
Long_Shirt,Blouson
Long_Shirt,Blouson
Long_Shirt,Blouson
Long_Shirt,Blouson
Long_Shirt,Blouson
Long_Shirt,Blouson
Long_Shirt,Blouson
Long_Shirt,Coat
Long_Shirt,Coat
Long_Shirt,Coat
Long_Shirt,Coat
Long_Shirt,Coat
Long_Shirt,Coat
Long_Shirt,Coat
Long_Shirt,Coat
Long_Shirt,Coat
Long_Shirt,Coat
Long_Shirt,Coat
Long_Shirt,Coat
Long_Shirt,Coat
Long_Shirt,Coat
Long_Shirt,Coat
Long_Shirt,Coat
Long_Shirt,Coat
Long_Shirt,Hoodie
Long_Shirt,Hoodie
Long_Shirt,Hoodie
Long_Shirt,Padding
Long_Shirt,Padding
Long_Shirt,Padding
Long_Shirt,Padding
Long_Shirt,Padding
Long_Shirt,Cardigan
Long_Shirt,Cardigan
Long_Shirt,Cardigan
Long_Shirt,Cardigan
Long_Shirt,Cardigan
Long_Shirt,Cardigan
Long_Shirt,Cardigan
Long_Shirt,Cardigan
Long_Shirt,Cardigan
Long_Shirt,Cardigan
Long_Sleeve,Blazer
Long_Sleeve,Blazer
Long_Sleeve,Blazer
Long_Sleeve,Blazer
Long_Sleeve,Blouson
Long_Sleeve,Blouson
Long_Sleeve,Blouson
Long_Sleeve,Blouson
Long_Sleeve,Blouson
Long_Sleeve,Blouson
Long_Sleeve,Blouson
Long_Sleeve,Blouson
Long_Sleeve,Blouson
Long_Sleeve,Blouson
Long_Sleeve,Blouson
Long_Sleeve,Blouson
Long_Sleeve,Blouson
Long_Sleeve,Blouson
Long_Sleeve,Blouson
Long_Sleeve,Coat
Long_Sleeve,Coat
Long_Sleeve,Coat
Long_Sleeve,Coat
Long_Sleeve,Coat
Long_Sleeve,Coat
Long_Sleeve,Coat
Long_Sleeve,Coat
Long_Sleeve,Coat
Long_Sleeve,Padding
Long_Sleeve,Hoodie
Long_Sleeve,Hoodie
Long_Sleeve,Hoodie
Long_Sleeve,Hoodie
Long_Sleeve,Hoodie
Long_Sleeve,Hoodie
Long_Sleeve,Hoodie
Long_Sleeve,Hoodie
Long_Sleeve,Hoodie
Long_Sleeve,Hoodie
Long_Sleeve,Hoodie
Long_Sleeve,Hoodie
Long_Sleeve,Hoodie
Long_Sleeve,Hoodie
Long_Sleeve,Hoodie
Long_Sleeve,Padding
Long_Sleeve,Padding
Long_Sleeve,Padding
Long_Sleeve,Padding
Long_Sleeve,Padding
Long_Sleeve,Padding
Long_Sleeve,Padding
Long_Sleeve,Padding
Long_Sleeve,Padding
Long_Sleeve,Padding
Long_Sleeve,Padding
Long_Sleeve,Padding
Long_Sleeve,Cardigan
Long_Sleeve,Cardigan
Long_Sleeve,Cardigan
Long_Sleeve,Cardigan
Long_Sleeve,Cardigan
Long_Sleeve,Cardigan
Long_Sleeve,Cardigan
Long_Sleeve,Cardigan
Sleeveless,Blazer
Sleeveless,Blazer
Sleeveless,Blouson
Sleeveless,Blouson
Sleeveless,Blouson
Sleeveless,Blouson
Sleeveless,Blouson
Sleeveless,Blouson
Sleeveless,Blouson
Sleeveless,Blouson
Sleeveless,Coat
Sleeveless,Hoodie
Sleeveless,Hoodie
Sleeveless,Hoodie
Sleeveless,Hoodie
Sleeveless,Hoodie
Sleeveless,Hoodie
Sleeveless,Hoodie
Sleeveless,Hoodie
Sleeveless,Hoodie
Sleeveless,Hoodie
Sleeveless,Hoodie
Sleeveless,Hoodie
Sleeveless,Hoodie
Sleeveless,Hoodie
Sleeveless,Padding
Sleeveless,Padding
Sleeveless,Cardigan
Sleeveless,Cardigan
Sleeveless,Cardigan
Sleeveless,Cardigan
Sleeveless,Cardigan
Sleeveless,Cardigan
Sleeveless,Cardigan
Sleeveless,Cardigan
Sleeveless,Cardigan
Sleeveless,Cardigan
Sleeveless,Cardigan
Short_Shirt,Blazer
Short_Shirt,Blazer
Short_Shirt,Blazer
Short_Shirt,Blazer
Short_Shirt,Blazer
Short_Shirt,Blazer
Short_Shirt,Blazer
Short_Shirt,Blazer
Short_Shirt,Blazer
Short_Shirt,Blouson
Short_Shirt,Blouson
Short_Shirt,Blouson
Short_Shirt,Blouson
Short_Shirt,Blouson
Short_Shirt,Blouson
Short_Shirt,Coat
Short_Shirt,Coat
Short_Shirt,Coat
Short_Shirt,Coat
Short_Shirt,Hoodie
Short_Shirt,Hoodie
Short_Shirt,Hoodie
Short_Shirt,Hoodie
Short_Shirt,Padding
Short_Shirt,Cardigan
Short_Shirt,Cardigan
Short_Shirt,Cardigan
Short_Shirt,Cardigan
Short_Shirt,Cardigan
Short_Shirt,Cardigan
Short_Shirt,Cardigan
Short_Shirt,Cardigan
Short_Shirt,Cardigan
Short_Shirt,Cardigan
Short_Shirt,Cardigan
Short_Shirt,Cardigan
Short_Shirt,Cardigan
Short_Sleeve,Blazer
Short_Sleeve,Blazer
Short_Sleeve,Blazer
Short_Sleeve,Blazer
Short_Sleeve,Blazer
Short_Sleeve,Blazer
Short_Sleeve,Blazer
Short_Sleeve,Blazer
Short_Sleeve,Blazer
Short_Sleeve,Blouson
Short_Sleeve,Blouson
Short_Sleeve,Blouson
Short_Sleeve,Blouson
Short_Sleeve,Blouson
Short_Sleeve,Blouson
Short_Sleeve,Blouson
Short_Sleeve,Blouson
Short_Sleeve,Blouson
Short_Sleeve,Blouson
Short_Sleeve,Blouson
Short_Sleeve,Blouson
Short_Sleeve,Blouson
Short_Sleeve,Coat
Short_Sleeve,Coat
Short_Sleeve,Coat
Short_Sleeve,Coat
Short_Sleeve,Hoodie
Short_Sleeve,Hoodie
Short_Sleeve,Hoodie
Short_Sleeve,Hoodie
Short_Sleeve,Hoodie
Short_Sleeve,Hoodie
Short_Sleeve,Hoodie
Short_Sleeve,Hoodie
Short_Sleeve,Hoodie
Short_Sleeve,Hoodie
Short_Sleeve,Hoodie
Short_Sleeve,Hoodie
Short_Sleeve,Hoodie
Short_Sleeve,Hoodie
Short_Sleeve,Hoodie
Short_Sleeve,Hoodie
Short_Sleeve,Hoodie
Short_Sleeve,Padding
Short_Sleeve,Padding
Short_Sleeve,Padding
Short_Sleeve,Padding
Short_Sleeve,Padding
Short_Sleeve,Padding
Short_Sleeve,Cardigan
Short_Sleeve,Cardigan
Short_Sleeve,Cardigan
Short_Sleeve,Cardigan
Short_Sleeve,Cardigan
Short_Sleeve,Cardigan
Short_Sleeve,Cardigan
Short_Sleeve,Cardigan
Short_Sleeve,Cardigan
Short_Sleeve,Cardigan
Short_Sleeve,Cardigan
Sweater,Blazer
Sweater,Blazer
Sweater,Blazer
Sweater,Blazer
Sweater,Blazer
Sweater,Blouson
Sweater,Blouson
Sweater,Blouson
Sweater,Blouson
Sweater,Blouson
Sweater,Blouson
Sweater,Blouson
Sweater,Blouson
Sweater,Coat
Sweater,Coat
Sweater,Coat
Sweater,Coat
Sweater,Coat
Sweater,Coat
Sweater,Coat
Sweater,Coat
Sweater,Coat
Sweater,Coat
Sweater,Coat
Sweater,Coat
Sweater,Coat
Sweater,Coat
Sweater,Coat
Sweater,Coat
Sweater,Coat
Sweater,Coat
Sweater,Hoodie
Sweater,Hoodie
Sweater,Hoodie
Sweater,Hoodie
Sweater,Padding
Sweater,Padding
Sweater,Padding
Sweater,Padding
Sweater,Padding
Sweater,Padding
Sweater,Padding
Sweater,Padding
Sweater,Padding
Sweater,Padding
Sweater,Padding
Sweater,Padding
Sweater,Cardigan
Sweater,Cardigan
Sweater,Cardigan
Sweater,Cardigan
Sweater,Cardigan
Sweater,Cardigan
