brown,black
brown,black
brown,black
brown,black
brown,black
brown,black
brown,black
brown,black
brown,black
brown,black
brown,black
brown,black
brown,black
brown,black
brown,beige
brown,beige
brown,beige
brown,beige
brown,beige
brown,beige
brown,beige
brown,beige
brown,beige
brown,beige
brown,beige
brown,beige
brown,beige
brown,beige
brown,beige
brown,brown
brown,brown
brown,brown
brown,brown
brown,brown
brown,burgundy
brown,burgundy
brown,burgundy
brown,burgundy
brown,burgundy
brown,burgundy
brown,white
brown,white
brown,white
brown,white
brown,white
brown,white
brown,white
brown,white
brown,white
brown,white
brown,purple
brown,purple
brown,pink
brown,pink
brown,dark_blue
brown,dark_blue
brown,dark_blue
brown,dark_blue
brown,turquoise
brown,turquoise
brown,yellow
brown,yellow
brown,orange
brown,orange
brown,orange
brown,orange
brown,orange
brown,green
brown,green
brown,olive_green
brown,olive_green
brown,olive_green
brown,olive_green
brown,olive_green
brown,olive_green
brown,olive_green
brown,olive_green
brown,red
brown,red
brown,grey
brown,grey
brown,grey
brown,grey
brown,grey
brown,grey
burgundy,black
burgundy,black
burgundy,black
burgundy,black
burgundy,black
burgundy,black
burgundy,black
burgundy,black
burgundy,black
burgundy,black
burgundy,black
burgundy,black
burgundy,black
burgundy,black
burgundy,black
burgundy,beige
burgundy,beige
burgundy,beige
burgundy,beige
burgundy,beige
burgundy,beige
burgundy,beige
burgundy,beige
burgundy,beige
burgundy,beige
burgundy,burgundy
burgundy,burgundy
burgundy,white
burgundy,white
burgundy,white
burgundy,white
burgundy,white
burgundy,white
burgundy,white
burgundy,white
burgundy,purple
burgundy,purple
burgundy,pink
burgundy,dark_blue
burgundy,dark_blue
burgundy,dark_blue
burgundy,turquoise
burgundy,turquoise
burgundy,yellow
burgundy,orange
burgundy,orange
burgundy,green
burgundy,green
burgundy,olive_green
burgundy,olive_green
burgundy,olive_green
burgundy,olive_green
burgundy,red
burgundy,red
burgundy,grey
burgundy,grey
burgundy,grey
burgundy,grey
burgundy,grey
burgundy,grey
burgundy,grey
burgundy,grey
purple,black
purple,black
purple,black
purple,black
purple,black
purple,black
purple,black
purple,black
purple,black
purple,black
purple,black
purple,black
purple,beige
purple,beige
purple,white
purple,white
purple,white
purple,white
purple,white
purple,white
purple,white
purple,white
purple,white
purple,white
purple,white
purple,white
purple,purple
purple,purple
purple,purple
purple,pink
purple,pink
purple,pink
purple,pink
purple,dark_blue
purple,dark_blue
purple,dark_blue
purple,dark_blue
purple,turquoise
purple,turquoise
purple,turquoise
purple,yellow
purple,yellow
purple,yellow
purple,yellow
purple,orange
purple,orange
purple,orange
purple,orange
purple,green
purple,green
purple,olive_green
purple,olive_green
purple,olive_green
purple,red
purple,red
purple,grey
purple,grey
purple,grey
purple,grey
purple,grey
purple,grey
purple,grey
pink,black
pink,black
pink,black
pink,black
pink,black
pink,black
pink,black
pink,black
pink,black
pink,black
pink,black
pink,beige
pink,beige
pink,beige
pink,beige
pink,beige
pink,white
pink,white
pink,white
pink,white
pink,white
pink,white
pink,white
pink,white
pink,white
pink,white
pink,white
pink,white
pink,white
pink,white
pink,white
pink,white
pink,pink
pink,pink
pink,dark_blue
pink,dark_blue
pink,dark_blue
pink,dark_blue
pink,dark_blue
pink,turquoise
pink,turquoise
pink,turquoise
pink,turquoise
pink,turquoise
pink,yellow
pink,yellow
pink,orange
pink,orange
pink,green
pink,olive_green
pink,red
pink,grey
pink,grey
pink,grey
pink,grey
pink,grey
pink,grey
pink,grey
pink,grey
dark_blue,black
dark_blue,black
dark_blue,black
dark_blue,black
dark_blue,black
dark_blue,black
dark_blue,black
dark_blue,black
dark_blue,black
dark_blue,black
dark_blue,black
dark_blue,black
dark_blue,beige
dark_blue,beige
dark_blue,beige
dark_blue,beige
dark_blue,beige
dark_blue,beige
dark_blue,beige
dark_blue,beige
dark_blue,white
dark_blue,white
dark_blue,white
dark_blue,white
dark_blue,white
dark_blue,white
dark_blue,white
dark_blue,white
dark_blue,white
dark_blue,white
dark_blue,white
dark_blue,white
dark_blue,white
dark_blue,white
dark_blue,white
dark_blue,white
dark_blue,white
dark_blue,dark_blue
dark_blue,dark_blue
dark_blue,dark_blue
dark_blue,dark_blue
dark_blue,turquoise
dark_blue,turquoise
dark_blue,turquoise
dark_blue,turquoise
dark_blue,turquoise
dark_blue,turquoise
dark_blue,yellow
dark_blue,yellow
dark_blue,yellow
dark_blue,yellow
dark_blue,orange
dark_blue,orange
dark_blue,orange
dark_blue,green
dark_blue,green
dark_blue,olive_green
dark_blue,olive_green
dark_blue,olive_green
dark_blue,olive_green
dark_blue,red
dark_blue,red
dark_blue,grey
dark_blue,grey
dark_blue,grey
dark_blue,grey
dark_blue,grey
dark_blue,grey
dark_blue,grey
dark_blue,grey
turquoise,black
turquoise,black
turquoise,black
turquoise,black
turquoise,black
turquoise,black
turquoise,black
turquoise,black
turquoise,black
turquoise,black
turquoise,black
turquoise,beige
turquoise,beige
turquoise,beige
turquoise,beige
turquoise,white
turquoise,white
turquoise,white
turquoise,white
turquoise,white
turquoise,white
turquoise,white
turquoise,white
turquoise,white
turquoise,white
turquoise,white
turquoise,white
turquoise,white
turquoise,white
turquoise,white
turquoise,white
turquoise,turquoise
turquoise,turquoise
turquoise,yellow
turquoise,yellow
turquoise,orange
turquoise,orange
turquoise,orange
turquoise,orange
turquoise,green
turquoise,green
turquoise,olive_green
turquoise,olive_green
turquoise,red
turquoise,red
turquoise,grey
turquoise,grey
turquoise,grey
turquoise,grey
turquoise,grey
turquoise,grey
yellow,black
yellow,black
yellow,black
yellow,black
yellow,black
yellow,black
yellow,black
yellow,black
yellow,black
yellow,black
yellow,black
yellow,black
yellow,beige
yellow,beige
yellow,beige
yellow,beige
yellow,white
yellow,white
yellow,white
yellow,white
yellow,white
yellow,white
yellow,white
yellow,white
yellow,white
yellow,white
yellow,white
yellow,white
yellow,yellow
yellow,orange
yellow,orange
yellow,orange
yellow,orange
yellow,green
yellow,green
yellow,green
yellow,olive_green
yellow,olive_green
yellow,red
yellow,grey
yellow,grey
yellow,grey
yellow,grey
orange,black
orange,black
orange,black
orange,black
orange,black
orange,black
orange,black
orange,black
orange,black
orange,black
orange,black
orange,black
orange,beige
orange,beige
orange,beige
orange,beige
orange,white
orange,white
orange,white
orange,white
orange,white
orange,white
orange,white
orange,white
orange,white
orange,orange
orange,orange
orange,green
orange,green
orange,olive_green
orange,olive_green
orange,olive_green
orange,olive_green
orange,red
orange,red
orange,red
orange,red
orange,grey
orange,grey
orange,grey
orange,grey
green,black
green,black
green,black
green,black
green,black
green,black
green,black
green,black
green,black
green,black
green,black
green,black
green,black
green,beige
green,beige
green,beige
green,beige
green,beige
green,beige
green,beige
green,white
green,white
green,white
green,white
green,white
green,white
green,white
green,white
green,white
green,white
green,white
green,green
green,green
green,olive_green
green,olive_green
green,olive_green
green,olive_green
green,red
green,red
green,grey
green,grey
green,grey
green,grey
green,grey
green,grey
olive_green,black
olive_green,black
olive_green,black
olive_green,black
olive_green,black
olive_green,black
olive_green,black
olive_green,black
olive_green,black
olive_green,black
olive_green,black
olive_green,black
olive_green,beige
olive_green,beige
olive_green,beige
olive_green,beige
olive_green,beige
olive_green,beige
olive_green,beige
olive_green,beige
olive_green,beige
olive_green,beige
olive_green,beige
olive_green,white
olive_green,white
olive_green,white
olive_green,white
olive_green,white
olive_green,white
olive_green,white
olive_green,white
olive_green,olive_green
olive_green,olive_green
olive_green,red
olive_green,grey
olive_green,grey
olive_green,grey
olive_green,grey
red,black
red,black
red,black
red,black
red,black
red,black
red,black
red,black
red,black
red,black
red,black
red,black
red,black
red,black
red,black
red,black
red,beige
red,beige
red,beige
red,beige
red,white
red,white
red,white
red,white
red,white
red,white
red,white
red,white
red,white
red,white
red,white
red,white
red,red
red,grey
red,grey
red,grey
red,grey
red,grey
red,grey
grey,black
grey,black
grey,black
grey,black
grey,black
grey,black
grey,black
grey,black
grey,black
grey,black
grey,black
grey,black
grey,black
grey,black
grey,black
grey,black
grey,black
grey,black
grey,beige
grey,beige
grey,beige
grey,beige
grey,beige
grey,beige
grey,beige
grey,beige
grey,white
grey,white
grey,white
grey,white
grey,white
grey,white
grey,white
grey,white
grey,white
grey,white
grey,white
grey,white
grey,white
grey,white
grey,grey
grey,grey
grey,grey
grey,grey
grey,grey
grey,grey
black,black
black,black
black,black
black,black
black,black
black,black
black,black
black,black
black,black
black,black
black,black
black,black
black,black
black,black
black,black
black,black
black,black
black,white
black,white
black,white
black,white
black,white
black,white
black,white
black,white
black,white
black,white
black,white
black,white
black,white
black,white
black,white
black,white
black,beige
black,beige
black,beige
black,beige
black,beige
black,beige
black,beige
black,beige
black,beige
black,beige
black,beige
black,beige
black,beige
black,beige
black,beige
black,beige
black,beige
white,white
white,white
white,white
white,white
white,white
white,white
beige,beige
beige,beige
beige,beige
white,beige
white,beige
white,beige
white,beige
white,beige
white,beige
white,beige
white,beige
white,beige
white,beige
white,beige
white,beige
white,beige
white,beige
white,beige
white,beige
